mean3D_x,mean3D_y,mean3D_z,scale_x,scale_y,scale_z,rotation_w,rotation_x,rotation_y,rotation_z,opacity
0.0,0.0,-1.0,0.4000000059604645,0.5,0.30000001192092896,0.8660253882408142,0.0,0.0,-0.5,0.2689414322376251
0.0,0.0,0.5,0.4000000059604645,0.5,0.30000001192092896,0.8660253882408142,0.0,0.0,-0.5,0.2689414322376251
0.0,0.0,1.0,0.4000000059604645,0.5,0.30000001192092896,0.8660253882408142,0.0,0.0,-0.5,0.2689414322376251
